model,task,n,accuracy,majority,macro_f1,brier,ece,mae,temperature
eurollm-9b,belebele_tr,810,0.6679012345679012,0.2777777777777778,0.6677244344015713,0.47133153071090733,0.07464633658873385,,0.655499709574998
eurollm-9b,buyuksinema_tr,1000,0.169,0.266,0.140744548040148,0.8955034414705997,0.09866498726956782,2.320875272831456,11.438078119512378
eurollm-9b,global_mmlu_tr,1000,0.478,0.276,0.470734688395825,0.6521531446066215,0.07277159732452176,,1.5456340266435382
eurollm-9b,include_tr,548,0.5054744525547445,0.29014598540145986,0.5060561831707437,0.6548267070157037,0.07889029864867196,,1.4051218424032166
eurollm-9b,jev_noul_tr,1000,0.79,0.502,0.7892412685668406,0.28657451367238246,0.0352125316192017,,1.700197429307892
eurollm-9b,jev_noul_unseen_tr,900,0.8944444444444445,0.5022222222222222,0.8941798941798942,0.18485640052763222,0.06668150758444143,,1.4051218424032166
eurollm-9b,massive_intent_tr,1000,0.565,0.062,0.5348266738393721,0.6297684626497047,0.14070783651656546,,1.277383493093833
eurollm-9b,musteri_yorumlari_tr,1000,0.506,0.304,0.47521411041486505,0.603967566397325,0.051882889894710765,0.6587933651923016,1.277383493093833
eurollm-9b,nli_tr,1000,0.575,0.353,0.5781149490914058,0.560692184318405,0.04458006434870443,,0.655499709574998
eurollm-9b,offenseval_tr,1000,0.791,0.8,0.7246082915304533,0.30900860802859575,0.07067289471802511,,0.9597171247887548
eurollm-9b,stsb_tr,1000,0.162,0.228,0.04898222875750966,0.8257642814093756,0.08566391621710974,1.362712207612341,5.86954264398479
eurollm-9b,xcopa_tr,500,0.906,0.5,0.9059966158781716,0.15988512761920118,0.07602671704763171,,1.0556888372676303
eurollm-9b,xfact_teyit_tr,552,0.5452898550724637,0.5054347826086957,0.34585604730160174,0.5624084295426898,0.051692417616544674,,0.7210496805324978
eurollm-9b,xfact_tr,169,0.27218934911242604,0.33727810650887574,0.16996888128650492,0.7770651778901005,0.05418090647391268,,2.0572388894625497
gemma-4-12b,belebele_tr,810,0.9098765432098765,0.2777777777777778,0.9094891270440195,0.14942506779531975,0.05968172395912916,,4.409874262948751
gemma-4-12b,buyuksinema_tr,1000,0.351,0.266,0.31570512262654055,0.7699658304453266,0.06774907388462761,1.2335430652802732,6.4564969083832695
gemma-4-12b,global_mmlu_tr,1000,0.696,0.276,0.6942715884985213,0.41540192511844015,0.03616668024916384,,4.409874262948751
gemma-4-12b,include_tr,548,0.6551094890510949,0.29014598540145986,0.6543232656634719,0.4953911485441382,0.04211403747281109,,6.4564969083832695
gemma-4-12b,jev_noul_tr,1000,0.84,0.502,0.8390704710407313,0.23539013488792557,0.05948919170557866,,9.452957123563946
gemma-4-12b,jev_noul_unseen_tr,900,0.9066666666666666,0.5022222222222222,0.9065628476084538,0.15644019239344234,0.03524757395697677,,6.4564969083832695
gemma-4-12b,massive_intent_tr,1000,0.777,0.062,0.7268004875872194,0.3225836061782953,0.025857640874661504,,2.489259056249686
gemma-4-12b,musteri_yorumlari_tr,1000,0.612,0.304,0.5994334498601089,0.5712488693785879,0.15010835310998555,0.4942294440912005,4.850861689243628
gemma-4-12b,nli_tr,1000,0.682,0.353,0.6877886655245069,0.4425262518921187,0.03610983677119246,,8.593597385058134
gemma-4-12b,offenseval_tr,1000,0.885,0.8,0.8270049747352048,0.16781148617183356,0.031094987786706926,,4.850861689243628
gemma-4-12b,stsb_tr,1000,0.459,0.228,0.4391523236010884,0.6668845756891743,0.08347404614926313,0.7452207014873099,5.335947858167991
gemma-4-12b,xcopa_tr,500,0.968,0.5,0.9679994879918079,0.07035125444835881,0.04386485466414558,,3.313203803868333
gemma-4-12b,xfact_teyit_tr,552,0.5452898550724637,0.5054347826086957,0.40705192832967235,0.5691656720799863,0.06624433506331935,,7.812361259143756
gemma-4-12b,xfact_tr,169,0.21301775147928995,0.33727810650887574,0.1679650278131158,0.7878853496074675,0.08766110579293535,,16.746490174778078
gemma-4-e4b,belebele_tr,810,0.8444444444444444,0.2777777777777778,0.8445953076071882,0.22862638941747385,0.05757089912542514,,3.313203803868333
gemma-4-e4b,buyuksinema_tr,1000,0.326,0.266,0.3033668160446101,0.7902877646837836,0.06315782157713698,1.4861426173337464,5.335947858167991
gemma-4-e4b,global_mmlu_tr,1000,0.607,0.276,0.6038625702678395,0.5041632605381631,0.038813804580919396,,3.6445241842551663
gemma-4-e4b,include_tr,548,0.5948905109489051,0.29014598540145986,0.5935748484709001,0.5188066881698551,0.03995498099733517,,4.850861689243628
gemma-4-e4b,jev_noul_tr,1000,0.833,0.502,0.8325645002651898,0.23548227284558962,0.04521074295856675,,5.335947858167991
gemma-4-e4b,jev_noul_unseen_tr,900,0.89,0.5022222222222222,0.8899998641973632,0.17212199106618212,0.04960119403813945,,3.6445241842551663
gemma-4-e4b,massive_intent_tr,1000,0.72,0.062,0.6957090590436685,0.3961453748211148,0.042663562906800484,,2.0572388894625497
gemma-4-e4b,musteri_yorumlari_tr,1000,0.607,0.304,0.5774455701972524,0.5361194464587143,0.09404533002249126,0.5402642865920148,4.008976602680683
gemma-4-e4b,nli_tr,1000,0.591,0.353,0.5933638490290235,0.5286284242785658,0.045915054741218875,,6.4564969083832695
gemma-4-e4b,offenseval_tr,1000,0.844,0.8,0.7861842105263158,0.23438862842814628,0.026565884681868455,,3.01200345806212
gemma-4-e4b,stsb_tr,1000,0.374,0.228,0.3308295357438506,0.7189889999085173,0.11454782006622244,0.8914381839957933,4.008976602680683
gemma-4-e4b,xcopa_tr,500,0.93,0.5,0.9299862773103529,0.10230342204592337,0.03674388187787438,,2.0572388894625497
gemma-4-e4b,xfact_teyit_tr,552,0.41847826086956524,0.5054347826086957,0.33465866728797766,0.6504124174577044,0.14503399686327603,,5.335947858167991
gemma-4-e4b,xfact_tr,169,0.21893491124260356,0.33727810650887574,0.1282170542635659,0.7987014704998756,0.01536800206582778,,29.667428880520045
jev,belebele_tr,810,0.9271604938271605,0.2777777777777778,0.9268577958721793,0.1710420352365085,0.11978355166546285,,5.86954264398479
jev,buyuksinema_tr,1000,0.367,0.266,0.33112062493621724,0.7663138307873912,0.08641165580140295,1.3312587170901753,9.452957123563946
jev,global_mmlu_tr,1000,0.853,0.276,0.8496707570849028,0.24114186903260454,0.08780524412286891,,1.700197429307892
jev,include_tr,548,0.677007299270073,0.29014598540145986,0.6760013358188565,0.5469032947338587,0.18290911051430414,,13.840074524609982
jev,jev_noul_tr,1000,0.832,0.502,0.8311245496654658,0.23397034567435354,0.05028405404738813,,1.5456340266435382
jev,jev_noul_unseen_tr,900,0.9144444444444444,0.5022222222222222,0.9143885327578134,0.1359586199571703,0.030864765962069475,,1.1612577209943935
jev,massive_intent_tr,1000,0.788,0.062,0.766454118092084,0.3260016024635731,0.10605836949859805,,3.313203803868333
jev,musteri_yorumlari_tr,1000,0.599,0.304,0.5730757207133125,0.5197123518081953,0.07646342312125025,0.5689148651580206,3.313203803868333
jev,nli_tr,1000,0.757,0.353,0.7603714043804052,0.3921876327532777,0.14194201589651337,,5.335947858167991
jev,offenseval_tr,1000,0.882,0.8,0.8215571107979118,0.17195702574316404,0.015837143844659365,,0.655499709574998
jev,stsb_tr,1000,0.488,0.228,0.4795028904038619,0.6280871314118683,0.0586433310741172,0.6884773396242237,2.2629627784088053
jev,xcopa_tr,500,0.944,0.5,0.9439919348386168,0.08673887289914319,0.019687661185023186,,0.8724701134443225
jev,xfact_teyit_tr,552,0.463768115942029,0.5054347826086957,0.38965517802847766,0.679002322512725,0.14136733289414838,,7.812361259143756
jev,xfact_tr,169,0.21893491124260356,0.33727810650887574,0.13679205851619644,0.7931562765469916,0.053290228867465594,,4.409874262948751
kizagan-e4b,belebele_tr,810,0.6753086419753086,0.2777777777777778,0.6736757701865508,0.4578763964154832,0.06050296066489503,,0.8724701134443225
kizagan-e4b,buyuksinema_tr,1000,0.214,0.266,0.19721707183149864,0.8690538528473188,0.05266645869299268,2.2070477751816804,5.335947858167991
kizagan-e4b,global_mmlu_tr,1000,0.48,0.276,0.4790778170304035,0.6541834203306334,0.0711344948828609,,2.2629627784088053
kizagan-e4b,include_tr,548,0.4981751824817518,0.29014598540145986,0.4963474093974128,0.6312507523591566,0.054871323707460874,,1.8702171722386816
kizagan-e4b,jev_noul_tr,1000,0.811,0.502,0.8107120930935954,0.2687545029081813,0.017933072170304015,,2.0572388894625497
kizagan-e4b,jev_noul_unseen_tr,900,0.7133333333333334,0.5022222222222222,0.7103062120728202,0.37286837510053855,0.04305157669917304,,2.2629627784088053
kizagan-e4b,massive_intent_tr,1000,0.514,0.062,0.4949613013120053,0.7012471410726615,0.19557624912693564,,1.277383493093833
kizagan-e4b,musteri_yorumlari_tr,1000,0.382,0.304,0.2986698923134311,0.7308203345733546,0.051944209822840336,1.075033546002141,4.008976602680683
kizagan-e4b,nli_tr,1000,0.578,0.353,0.5725147330838388,0.5328296971836046,0.038841382325003906,,1.277383493093833
kizagan-e4b,offenseval_tr,1000,0.719,0.8,0.6800269642757507,0.3657144294308917,0.04081445169680436,,2.489259056249686
kizagan-e4b,stsb_tr,1000,0.33,0.228,0.3134565779423558,0.7686684524411395,0.025973261337720606,1.0970972228850655,2.0572388894625497
kizagan-e4b,xcopa_tr,500,0.918,0.5,0.917999671998688,0.1552946183920585,0.0679262188139374,,0.655499709574998
kizagan-e4b,xfact_teyit_tr,552,0.42934782608695654,0.5054347826086957,0.2738392811046498,0.6581842593818548,0.05477233544714896,,2.7381849618746545
kizagan-e4b,xfact_tr,169,0.20710059171597633,0.33727810650887574,0.1019078947368421,0.7983318931575792,0.03236807079681057,,11.438078119512378
kumru-2b,belebele_tr,810,0.26666666666666666,0.2777777777777778,0.25620208192223715,0.7524491195487877,0.015618803668794208,,1.1612577209943935
kumru-2b,buyuksinema_tr,1000,0.025,0.266,0.01413733204373056,0.9030742976548642,0.07815123289244366,2.361394156511194,93.10910066297632
kumru-2b,global_mmlu_tr,1000,0.262,0.276,0.2232363685917198,0.7498070440229031,0.006507516793775234,,9.452957123563946
kumru-2b,include_tr,548,0.23357664233576642,0.29014598540145986,0.19996504211850116,0.7500274584073098,0.016951308807284737,,93.10910066297632
kumru-2b,jev_noul_tr,1000,0.523,0.502,0.5219439742390941,0.4999858116585749,0.022815453974256106,,93.10910066297632
kumru-2b,jev_noul_unseen_tr,900,0.5077777777777778,0.5022222222222222,0.39180933291231346,0.510171118655957,0.07777895122928914,,0.3057954522420732
kumru-2b,massive_intent_tr,1000,0.003,0.062,0.0001044932079414838,0.9835528073801523,0.0148115608603272,,93.10910066297632
kumru-2b,musteri_yorumlari_tr,1000,0.12,0.304,0.07364016968384748,0.8003156077341902,0.08067700140949166,1.278981003768333,93.10910066297632
kumru-2b,nli_tr,1000,0.327,0.353,0.27177090578248986,0.6664621404596984,0.032641289333665495,,0.7210496805324978
kumru-2b,offenseval_tr,1000,0.791,0.8,0.45982409391307044,0.31458617100123,0.02411278331918337,,0.09743585500000007
kumru-2b,stsb_tr,1000,0.157,0.228,0.10146730387985105,0.8361222762973672,0.03466024379904049,1.4221658967881594,7.102146599221597
kumru-2b,xcopa_tr,500,0.5,0.5,0.4916715466198191,0.5032104273116691,0.04053983301842818,,0.3363749974662806
kumru-2b,xfact_teyit_tr,552,0.266304347826087,0.5054347826086957,0.1490675565864319,0.7482723816343417,0.01776856737985731,,1.8702171722386816
kumru-2b,xfact_tr,169,0.23076923076923078,0.33727810650887574,0.11417884510352361,0.7975375153238425,0.03399269030710137,,0.37001249721290863
laya-multilingual,belebele_tr,810,0.3012345679012346,0.2777777777777778,0.2992748581030876,0.7397661600043505,0.0695323958694657,,3.313203803868333
laya-multilingual,buyuksinema_tr,1000,0.112,0.266,0.07253674667777481,0.8965650816396292,0.0199133858430029,2.3102580677317386,8.593597385058134
laya-multilingual,global_mmlu_tr,1000,0.25,0.276,0.2479041698203312,0.7500797662687525,0.002079901928190806,,93.10910066297632
laya-multilingual,include_tr,548,0.2664233576642336,0.29014598540145986,0.2577458771843902,0.7497680621766334,0.01410695381748639,,93.10910066297632
laya-multilingual,jev_noul_tr,1000,0.672,0.502,0.6682727121942142,0.45308891301177123,0.09365224712491127,,6.4564969083832695
laya-multilingual,jev_noul_unseen_tr,900,0.6777777777777778,0.5022222222222222,0.668317033000549,0.4274096594231891,0.05707003656107727,,3.313203803868333
laya-multilingual,massive_intent_tr,1000,0.347,0.062,0.2539963647540221,0.8225799082013981,0.09664960278602926,,1.700197429307892
laya-multilingual,musteri_yorumlari_tr,1000,0.156,0.304,0.12373536299765808,0.804017083414854,0.05381513200538368,1.297073200702729,93.10910066297632
laya-multilingual,nli_tr,1000,0.685,0.353,0.684566951548914,0.4283752897033388,0.04235465706096297,,2.489259056249686
laya-multilingual,offenseval_tr,1000,0.739,0.8,0.5974402754063771,0.3802931970969023,0.07452658240791563,,2.0572388894625497
laya-multilingual,stsb_tr,1000,0.177,0.228,0.1275103102026179,0.83431476075546,0.012137170898486298,1.3894647139474294,15.224081977070979
laya-multilingual,xcopa_tr,500,0.552,0.5,0.5518852826323539,0.4861781678562287,0.06659851726551982,,2.2629627784088053
laya-multilingual,xfact_teyit_tr,552,0.37318840579710144,0.5054347826086957,0.22939234163512723,0.7441599739685462,0.11550394824830947,,13.840074524609982
laya-multilingual,xfact_tr,169,0.21893491124260356,0.33727810650887574,0.1419179934680547,0.800345897283718,0.016186930196340793,,84.6446369663421
mecellem-qwen3-4b,belebele_tr,810,0.3851851851851852,0.2777777777777778,0.29574141292820505,0.7417324253568779,0.06936620926403923,,0.9597171247887548
mecellem-qwen3-4b,buyuksinema_tr,1000,0.033,0.266,0.018345697762719784,0.9004560482533543,0.0683957234077905,2.332804317907416,93.10910066297632
mecellem-qwen3-4b,global_mmlu_tr,1000,0.347,0.276,0.30426731165445886,0.7498056581837049,0.09619369118023002,,93.10910066297632
mecellem-qwen3-4b,include_tr,548,0.3375912408759124,0.29014598540145986,0.2803602506844354,0.7499386251548278,0.0868898310537426,,93.10910066297632
mecellem-qwen3-4b,jev_noul_tr,1000,0.564,0.502,0.5413982724599145,0.4886768972868135,0.028147514544713984,,0.14265583530550013
mecellem-qwen3-4b,jev_noul_unseen_tr,900,0.5355555555555556,0.5022222222222222,0.4693006957493271,0.4927971715533227,0.02158836532852972,,0.4924866337903815
mecellem-qwen3-4b,massive_intent_tr,1000,0.006,0.062,0.002684049079754601,0.9834394874856545,0.01332607318820256,,18.42113919225589
mecellem-qwen3-4b,musteri_yorumlari_tr,1000,0.155,0.304,0.0667727570458591,0.8004449974548389,0.046585017732243716,1.279032091259275,93.10910066297632
mecellem-qwen3-4b,nli_tr,1000,0.411,0.353,0.3198071124483253,0.6665412777783833,0.03650343008419282,,2.489259056249686
mecellem-qwen3-4b,offenseval_tr,1000,0.548,0.8,0.4927617551341039,0.4999949065329345,0.04791695263528839,,93.10910066297632
mecellem-qwen3-4b,stsb_tr,1000,0.16,0.228,0.04605641911341393,0.8335258437426837,0.008442234209282001,1.386134144646074,93.10910066297632
mecellem-qwen3-4b,xcopa_tr,500,0.618,0.5,0.6170426065162907,0.46808714552231234,0.04696792149819777,,0.09743585500000007
mecellem-qwen3-4b,xfact_teyit_tr,552,0.4891304347826087,0.5054347826086957,0.19948389111204476,0.6952984476548125,0.11003509204889295,,0.44771512162761956
mecellem-qwen3-4b,xfact_tr,169,0.1834319526627219,0.33727810650887574,0.062,0.7984754586526569,0.042003464240466165,,7.102146599221597
metask-jev-4b,belebele_tr,810,0.8,0.2777777777777778,0.8002755582837617,0.2918684367486582,0.05310285822006594,,2.2629627784088053
metask-jev-4b,buyuksinema_tr,1000,0.261,0.266,0.24456059960981258,0.8060149463307112,0.08841580000998212,1.3244832135942886,2.2629627784088053
metask-jev-4b,global_mmlu_tr,1000,0.561,0.276,0.5554295534552264,0.552026483144238,0.04350803061318246,,2.0572388894625497
metask-jev-4b,include_tr,548,0.5821167883211679,0.29014598540145986,0.5805304257911666,0.568631194129265,0.06930060074018338,,3.6445241842551663
metask-jev-4b,jev_noul_tr,1000,0.769,0.502,0.7668962385529403,0.3179082802736557,0.08939910195401,,4.008976602680683
metask-jev-4b,jev_noul_unseen_tr,900,0.8088888888888889,0.5022222222222222,0.804422971962239,0.2847462436010977,0.07568717848186583,,3.6445241842551663
metask-jev-4b,musteri_yorumlari_tr,1000,0.479,0.304,0.4255439922970288,0.6482083564516021,0.12430499528743202,0.6571933191317669,2.489259056249686
metask-jev-4b,nli_tr,1000,0.756,0.353,0.7532902688445008,0.3561487951709647,0.09171951896126487,,2.7381849618746545
metask-jev-4b,offenseval_tr,1000,0.826,0.8,0.6343185715726823,0.251884273515758,0.08702249103637762,,3.01200345806212
metask-jev-4b,stsb_tr,1000,0.343,0.228,0.3097627544973658,0.7509640348063584,0.08373811033395956,0.9544508114550718,3.6445241842551663
metask-jev-4b,xcopa_tr,500,0.85,0.5,0.8498985314072313,0.23886011793246967,0.04974340173783745,,1.4051218424032166
metask-jev-4b,xfact_teyit_tr,552,0.5217391304347826,0.5054347826086957,0.39164206412685953,0.6046494582579853,0.08903141138347684,,2.489259056249686
metask-jev-4b,xfact_tr,169,0.3727810650887574,0.33727810650887574,0.19934046345811052,0.76638841516491,0.05528087743784998,,5.86954264398479
qwen3.5-35b-a3b,belebele_tr,810,0.9049382716049382,0.2777777777777778,0.9046435724688905,0.15875274631542735,0.07468301363744477,,1.4051218424032166
qwen3.5-35b-a3b,buyuksinema_tr,1000,0.338,0.266,0.26325522846139526,0.7979885335715154,0.07171083811099253,1.3172356020164653,2.2629627784088053
qwen3.5-35b-a3b,global_mmlu_tr,1000,0.769,0.276,0.7664960817534103,0.3207827849253606,0.04153891665354238,,1.0556888372676303
qwen3.5-35b-a3b,include_tr,548,0.6843065693430657,0.29014598540145986,0.6834563046561081,0.47172030493955147,0.08154843919585761,,2.7381849618746545
qwen3.5-35b-a3b,jev_noul_tr,1000,0.832,0.502,0.8310239945927679,0.25723931862819577,0.049429437740943064,,3.01200345806212
qwen3.5-35b-a3b,jev_noul_unseen_tr,900,0.8877777777777778,0.5022222222222222,0.8877709886153606,0.17258942994377888,0.05087585942180761,,1.5456340266435382
qwen3.5-35b-a3b,massive_intent_tr,1000,0.771,0.062,0.7629667268534329,0.34794067074562046,0.03044307150144674,,1.1612577209943935
qwen3.5-35b-a3b,musteri_yorumlari_tr,1000,0.501,0.304,0.3758548400533028,0.6007549276676124,0.09796806134054253,0.5547681080777369,2.0572388894625497
qwen3.5-35b-a3b,nli_tr,1000,0.653,0.353,0.6569179751291527,0.46283710160419833,0.037545856208435195,,1.8702171722386816
qwen3.5-35b-a3b,offenseval_tr,1000,0.884,0.8,0.8200947914340306,0.1718846946097997,0.02867214457256769,,0.9597171247887548
qwen3.5-35b-a3b,stsb_tr,1000,0.429,0.228,0.4095359266559497,0.673595285924033,0.02091512951369186,0.7947369571932895,1.8702171722386816
qwen3.5-35b-a3b,xcopa_tr,500,0.952,0.5,0.9519992319877117,0.08659928788167925,0.032031535516120785,,0.8724701134443225
qwen3.5-35b-a3b,xfact_teyit_tr,552,0.5815217391304348,0.5054347826086957,0.4229544019199192,0.5566031873220986,0.0810805976132742,,1.8702171722386816
qwen3.5-35b-a3b,xfact_tr,169,0.27218934911242604,0.33727810650887574,0.17342229199372056,0.7735385679596748,0.06543699039880532,,2.2629627784088053
qwen3.5-4b,belebele_tr,810,0.8185185185185185,0.2777777777777778,0.8175355626688867,0.2759307538440806,0.04646060645363143,,1.4051218424032166
qwen3.5-4b,buyuksinema_tr,1000,0.158,0.266,0.15139879154412483,0.892351210429756,0.089612341418561,2.3703291960942585,6.4564969083832695
qwen3.5-4b,global_mmlu_tr,1000,0.608,0.276,0.604841331851917,0.5127008960064096,0.06591403699105604,,1.8702171722386816
qwen3.5-4b,include_tr,548,0.5894160583941606,0.29014598540145986,0.5867383959065755,0.541491581605601,0.10648918244782803,,1.5456340266435382
qwen3.5-4b,jev_noul_tr,1000,0.815,0.502,0.8137166943070815,0.3019924285765437,0.08173357995784594,,3.313203803868333
qwen3.5-4b,jev_noul_unseen_tr,900,0.8433333333333334,0.5022222222222222,0.8426103123112472,0.2250748183089197,0.020510091173024613,,1.4051218424032166
qwen3.5-4b,massive_intent_tr,1000,0.57,0.062,0.5563981256183603,0.5530775205753337,0.07001499042052248,,1.0556888372676303
qwen3.5-4b,musteri_yorumlari_tr,1000,0.456,0.304,0.3447312231657312,0.6764237404439487,0.04045600673755496,0.7836631802746762,2.0572388894625497
qwen3.5-4b,nli_tr,1000,0.617,0.353,0.6096021731602793,0.4898779728590917,0.026718069618947526,,1.8702171722386816
qwen3.5-4b,offenseval_tr,1000,0.705,0.8,0.6624617408964787,0.38638980980796267,0.04383692337493864,,1.8702171722386816
qwen3.5-4b,stsb_tr,1000,0.384,0.228,0.34267107875794306,0.7197589034630764,0.07059155748555558,0.890660504232944,1.5456340266435382
qwen3.5-4b,xcopa_tr,500,0.834,0.5,0.8339940237848562,0.2435328413191407,0.04231570555883796,,1.0556888372676303
qwen3.5-4b,xfact_teyit_tr,552,0.5670289855072463,0.5054347826086957,0.3065267331717909,0.5661953979330894,0.056214942687772954,,2.2629627784088053
qwen3.5-4b,xfact_tr,169,0.23076923076923078,0.33727810650887574,0.14426807760141092,0.793793583816628,0.005105704372880354,,13.840074524609982
qwen3.5-9b,belebele_tr,810,0.8827160493827161,0.2777777777777778,0.8830539155654799,0.19504006800281048,0.06583753708230917,,1.4051218424032166
qwen3.5-9b,buyuksinema_tr,1000,0.285,0.266,0.24376066975903904,0.8013096972085434,0.04664898035972204,1.6044465392139773,2.0572388894625497
qwen3.5-9b,global_mmlu_tr,1000,0.681,0.276,0.6785879551979584,0.4249086637569128,0.04794808886913439,,1.4051218424032166
qwen3.5-9b,include_tr,548,0.6186131386861314,0.29014598540145986,0.6173595588011312,0.5162974027611528,0.09073228331934526,,2.7381849618746545
qwen3.5-9b,jev_noul_tr,1000,0.818,0.502,0.8167066823506663,0.2682435640601991,0.06039800446809406,,3.313203803868333
qwen3.5-9b,jev_noul_unseen_tr,900,0.8655555555555555,0.5022222222222222,0.8654158206236352,0.20946441301955185,0.03615758336406653,,1.277383493093833
qwen3.5-9b,massive_intent_tr,1000,0.691,0.062,0.6649905205007819,0.44157633291836274,0.08136619114749195,,1.277383493093833
qwen3.5-9b,musteri_yorumlari_tr,1000,0.504,0.304,0.40086017314687916,0.5923170700258792,0.07393630270590076,0.6728128641582524,1.700197429307892
qwen3.5-9b,nli_tr,1000,0.526,0.353,0.5161750560787379,0.5673283980492573,0.07610396480273965,,3.313203803868333
qwen3.5-9b,offenseval_tr,1000,0.81,0.8,0.75373161412077,0.26342096323342773,0.03412892150023903,,1.700197429307892
qwen3.5-9b,stsb_tr,1000,0.413,0.228,0.37684612682399193,0.6864757229486519,0.06638658664502903,0.8135518543426014,1.5456340266435382
qwen3.5-9b,xcopa_tr,500,0.924,0.5,0.9239805390179886,0.11597776460986467,0.04827216596728281,,1.0556888372676303
qwen3.5-9b,xfact_teyit_tr,552,0.6105072463768116,0.5054347826086957,0.4298999405674798,0.5253968431450251,0.05519953912692918,,1.5456340266435382
qwen3.5-9b,xfact_tr,169,0.27218934911242604,0.33727810650887574,0.16123809523809524,0.7770636814292989,0.020080371388474735,,3.313203803868333
trendyol-asure-12b,belebele_tr,810,0.8876543209876543,0.2777777777777778,0.8875247713395544,0.17197033689603028,0.018023072681306887,,1.1612577209943935
trendyol-asure-12b,buyuksinema_tr,1000,0.324,0.266,0.27995261157797036,0.7829143994679276,0.08333073829106824,1.3367418439316359,2.0572388894625497
trendyol-asure-12b,global_mmlu_tr,1000,0.641,0.276,0.6382804487423706,0.4762145703623271,0.03964214711574657,,1.4051218424032166
trendyol-asure-12b,include_tr,548,0.6186131386861314,0.29014598540145986,0.6188528842562568,0.5151848960373682,0.05321692564822857,,1.8702171722386816
trendyol-asure-12b,jev_noul_tr,1000,0.833,0.502,0.8327951740882581,0.2410483637375281,0.04824356952222603,,1.8702171722386816
trendyol-asure-12b,jev_noul_unseen_tr,900,0.9088888888888889,0.5022222222222222,0.9088006168933882,0.15693099669830374,0.05102347178648585,,1.277383493093833
trendyol-asure-12b,massive_intent_tr,1000,0.685,0.062,0.653996133014309,0.43695790877820934,0.03518883732200727,,0.8724701134443225
trendyol-asure-12b,musteri_yorumlari_tr,1000,0.622,0.304,0.557093052889005,0.5002179378806892,0.048695865246733215,0.5274272252417306,1.4051218424032166
trendyol-asure-12b,nli_tr,1000,0.678,0.353,0.6840080390467987,0.443184973244297,0.06330237967310824,,1.5456340266435382
trendyol-asure-12b,offenseval_tr,1000,0.713,0.8,0.6762297347452876,0.35833004403060914,0.07895631362062408,,1.5456340266435382
trendyol-asure-12b,stsb_tr,1000,0.475,0.228,0.416623085089424,0.6934149780175676,0.11343302903273762,0.8204538285168506,1.4051218424032166
trendyol-asure-12b,xcopa_tr,500,0.952,0.5,0.9519992319877117,0.07250771216756093,0.03609875840690205,,0.9597171247887548
trendyol-asure-12b,xfact_teyit_tr,552,0.447463768115942,0.5054347826086957,0.3848291118619179,0.6434582715481397,0.08618190380735226,,2.489259056249686
trendyol-asure-12b,xfact_tr,169,0.21301775147928995,0.33727810650887574,0.1543087013675249,0.7923633070524594,0.05300283278819484,,4.409874262948751
turkish-gemma-9b,belebele_tr,810,0.8728395061728395,0.2777777777777778,0.87261997727114,0.20655854490797668,0.04622982507838077,,1.8702171722386816
turkish-gemma-9b,buyuksinema_tr,1000,0.308,0.266,0.2691634500458774,0.803751030806651,0.09489142610113052,1.6232052203827936,3.313203803868333
turkish-gemma-9b,global_mmlu_tr,1000,0.658,0.276,0.6554058279913941,0.4789761942881188,0.03734086108880725,,2.0572388894625497
turkish-gemma-9b,include_tr,548,0.6295620437956204,0.29014598540145986,0.6285828028816529,0.5109122720194669,0.05003209050551278,,3.01200345806212
turkish-gemma-9b,jev_noul_tr,1000,0.817,0.502,0.8167212329953859,0.2717029866716251,0.06716772902371365,,3.01200345806212
turkish-gemma-9b,jev_noul_unseen_tr,900,0.9022222222222223,0.5022222222222222,0.9020655270655271,0.17642384163142857,0.05775605447497175,,1.8702171722386816
turkish-gemma-9b,massive_intent_tr,1000,0.652,0.062,0.6024251798645163,0.48538186192786237,0.07924619102604386,,1.5456340266435382
turkish-gemma-9b,musteri_yorumlari_tr,1000,0.58,0.304,0.5351148836676856,0.566182453873513,0.07639837015506652,0.6463676709839977,2.7381849618746545
turkish-gemma-9b,nli_tr,1000,0.601,0.353,0.6061801713460622,0.5247056914557712,0.12460840321101829,,3.01200345806212
turkish-gemma-9b,offenseval_tr,1000,0.524,0.8,0.5160713123820678,0.4980872275139711,0.10206030797284893,,12.581885931463617
turkish-gemma-9b,stsb_tr,1000,0.293,0.228,0.23386523177222274,0.7921732339839274,0.12045279863326505,1.0908618998813555,3.01200345806212
turkish-gemma-9b,xcopa_tr,500,0.944,0.5,0.9439964157706093,0.09398385497722594,0.037342043599436756,,1.700197429307892
turkish-gemma-9b,xfact_teyit_tr,552,0.5942028985507246,0.5054347826086957,0.40886171059499343,0.5202884362221047,0.0563118707319214,,2.2629627784088053
turkish-gemma-9b,xfact_tr,169,0.1952662721893491,0.33727810650887574,0.10458405048766495,0.7970872664696566,0.041295672308164555,,11.438078119512378
